"","time","pressure","v1"
"1",1660665719.0019,0.647,-9.64059
"2",1660666801.0021,0.652,-9.6445
"3",1660666803.0021,0.654,-9.64447
"4",1660666805.002,0.643,-9.64466
"5",1660666807.0021,0.655,-9.64489
"6",1660666809.0021,0.643,-9.64497
"7",1660666811.0021,0.643,-9.64498
"8",1660666813.0021,0.645,-9.6451
"9",1660666815.0021,0.647,-9.64514
"10",1660666817.0021,0.659,-9.64527
"11",1660666819.0021,0.645,-9.64559
"12",1660666821.0021,0.649,-9.64564
"13",1660666823.002,0.652,-9.64555
"14",1660666825.0021,0.649,-9.64579
"15",1660666827.002,0.649,-9.64588
"16",1660666829.0021,0.647,-9.64602
"17",1660666831.002,0.65,-9.64611
"18",1660666833.0023,0.649,-9.64633
"19",1660666835.002,0.656,-9.64659
"20",1660666837.0021,0.646,-9.64663
"21",1660666839.0021,0.645,-9.64675
"22",1660666841.0021,0.646,-9.64695
"23",1660666843.002,0.638,-9.64717
"24",1660666845.002,0.655,-9.64714
"25",1660666847.0021,0.649,-9.64728
"26",1660666849.0021,0.647,-9.64745
"27",1660666851.002,0.647,-9.64762
"28",1660666853.0021,0.645,-9.64768
"29",1660666855.0021,0.647,-9.64767
"30",1660666857.002,0.65,-9.64795
"31",1660666859.0021,0.644,-9.64799
"32",1660666861.0021,0.64,-9.64807
"33",1660666863.0021,0.649,-9.64818
"34",1660666865.0021,0.647,-9.64823
"35",1660666867.0021,0.643,-9.64841
"36",1660666869.0021,0.65,-9.64846
"37",1660666871.002,0.644,-9.64858
"38",1660666873.002,0.645,-9.6486
"39",1660666875.002,0.645,-9.6488
"40",1660666877.0021,0.644,-9.64883
"41",1660666879.0021,0.646,-9.64898
"42",1660666881.0021,0.654,-9.64903
"43",1660666883.002,0.647,-9.64929
"44",1660666885.0021,0.646,-9.6493
"45",1660666887.0021,0.643,-9.64927
"46",1660666889.0021,0.647,-9.64947
"47",1660666891.0021,0.642,-9.64958
"48",1660666893.0021,0.657,-9.64951
"49",1660666895.002,0.648,-9.64959
"50",1660666897.0021,0.651,-9.64968
"51",1660666899.002,0.65,-9.64976
"52",1660666901.002,0.643,-9.64983
"53",1660666903.002,0.647,-9.65012
"54",1660666905.0021,0.638,-9.65013
"55",1660666907.002,0.654,-9.65024
"56",1660666909.002,0.644,-9.65021
"57",1660666911.002,0.656,-9.65037
"58",1660666913.0021,0.652,-9.6504
"59",1660666915.0021,0.658,-9.6505
"60",1660666917.0021,0.649,-9.65053
"61",1660666919.0019,0.648,-9.65058
"62",1660668001.002,0.644,-9.65908
"63",1660668003.0021,0.645,-9.65901
"64",1660668005.0022,0.647,-9.65906
"65",1660668007.0021,0.644,-9.65899
"66",1660668009.0021,0.644,-9.65885
"67",1660668011.002,0.638,-9.65902
"68",1660668013.002,0.651,-9.65904
"69",1660668015.002,0.647,-9.65903
"70",1660668017.0021,0.655,-9.65897
"71",1660668019.0021,0.648,-9.65907
"72",1660668021.002,0.649,-9.65914
"73",1660668023.002,0.641,-9.6591
"74",1660668025.002,0.641,-9.65914
"75",1660668027.002,0.642,-9.6591
"76",1660668029.0021,0.644,-9.65904
"77",1660668031.0021,0.646,-9.65924
"78",1660668033.0021,0.642,-9.65903
"79",1660668035.0023,0.649,-9.65918
"80",1660668037.0021,0.646,-9.65907
"81",1660668039.0021,0.65,-9.65918
"82",1660668041.0021,0.649,-9.65917
"83",1660668043.0023,0.648,-9.65911
"84",1660668045.0023,0.648,-9.65914
"85",1660668047.0021,0.651,-9.65924
"86",1660668049.002,0.651,-9.65942
"87",1660668051.002,0.649,-9.65927
"88",1660668053.0021,0.655,-9.6593
"89",1660668055.0021,0.649,-9.65948
"90",1660668057.0022,0.647,-9.65948
"91",1660668059.002,0.65,-9.65951
"92",1660668061.0022,0.653,-9.65966
"93",1660668063.002,0.648,-9.65969
"94",1660668065.002,0.647,-9.6597
"95",1660668067.0021,0.651,-9.65976
"96",1660668069.002,0.646,-9.65968
"97",1660668071.0021,0.652,-9.65971
"98",1660668073.002,0.644,-9.65962
"99",1660668075.002,0.644,-9.65972
"100",1660668077.002,0.641,-9.65971
"101",1660668079.0021,0.648,-9.65973
"102",1660668081.0021,0.647,-9.65993
"103",1660668083.0021,0.651,-9.65977
"104",1660668085.002,0.64,-9.65992
"105",1660668087.0021,0.644,-9.65992
"106",1660668089.0021,0.648,-9.65987
"107",1660668091.002,0.644,-9.65983
"108",1660668093.002,0.644,-9.65987
"109",1660668095.002,0.644,-9.65965
"110",1660668097.0021,0.646,-9.65984
"111",1660668099.0021,0.652,-9.65993
"112",1660668101.0021,0.646,-9.65977
"113",1660668103.0021,0.653,-9.65976
"114",1660668105.0021,0.651,-9.6599
"115",1660668107.002,0.653,-9.65977
"116",1660668109.0021,0.658,-9.65981
"117",1660668111.0021,0.649,-9.65989
"118",1660668113.0021,0.641,-9.65972
"119",1660668115.002,0.647,-9.6596
"120",1660668117.0021,0.651,-9.65958
"121",1660668119.0019,0.656,-9.65953
"122",1660669201.002,0.672,-9.60776
"123",1660669203.0021,0.676,-9.60843
"124",1660669205.002,0.667,-9.60982
"125",1660669207.002,0.661,-9.61083
"126",1660669209.0021,0.673,-9.61133
"127",1660669211.0021,0.67,-9.61181
"128",1660669213.0021,0.662,-9.61236
"129",1660669215.0021,0.66,-9.61319
"130",1660669217.0021,0.668,-9.6139
"131",1660669219.002,0.658,-9.61421
"132",1660669221.002,0.658,-9.61463
"133",1660669223.002,0.67,-9.61495
"134",1660669225.0022,0.671,-9.61484
"135",1660669227.0021,0.669,-9.61483
"136",1660669229.0021,0.667,-9.61496
"137",1660669231.0021,0.66,-9.6148
"138",1660669233.0021,0.663,-9.61488
"139",1660669235.0021,0.672,-9.61508
"140",1660669237.0021,0.668,-9.61513
"141",1660669239.0021,0.675,-9.61525
"142",1660669241.002,0.668,-9.61546
"143",1660669243.0021,0.675,-9.6155
"144",1660669245.002,0.673,-9.61562
"145",1660669247.002,0.666,-9.61572
"146",1660669249.002,0.668,-9.61595
"147",1660669251.002,0.67,-9.61627
"148",1660669253.0021,0.669,-9.61663
"149",1660669255.0021,0.666,-9.61672
"150",1660669257.0021,0.662,-9.61697
"151",1660669259.002,0.662,-9.61715
"152",1660669261.002,0.664,-9.61744
"153",1660669263.0021,0.671,-9.61767
"154",1660669265.0021,0.671,-9.61797
"155",1660669267.002,0.665,-9.61811
"156",1660669269.0021,0.669,-9.6183
"157",1660669271.0022,0.667,-9.61849
"158",1660669273.0021,0.664,-9.61865
"159",1660669275.0021,0.662,-9.61878
"160",1660669277.002,0.667,-9.61909
"161",1660669279.0021,0.673,-9.61907
"162",1660669281.0021,0.658,-9.61933
"163",1660669283.002,0.661,-9.61893
"164",1660669285.002,0.674,-9.61676
"165",1660669287.002,0.689,-9.61585
"166",1660669289.0021,0.663,-9.60911
"167",1660669291.0021,0.662,-9.60635
"168",1660669293.0021,0.655,-9.60393
"169",1660669295.002,0.67,-9.60325
"170",1660669297.0021,0.668,-9.60341
"171",1660669299.002,0.67,-9.6041
"172",1660669301.002,0.673,-9.60475
"173",1660669303.0021,0.664,-9.60417
"174",1660669305.002,0.656,-9.6018
"175",1660669307.002,0.668,-9.60037
"176",1660669309.002,0.671,-9.5997
"177",1660669311.002,0.678,-9.59655
"178",1660669313.0021,0.691,-9.59287
"179",1660669315.002,0.759,-9.58774
"180",1660669317.0021,0.725,-9.58421
"181",1660669319.0019,0.671,-9.58269
"182",1660670401.0021,59.977,-9.54134
"183",1660670403.0021,59.973,-9.54135
"184",1660670405.0021,59.973,-9.5413
"185",1660670407.002,59.982,-9.54108
"186",1660670409.0021,59.972,-9.54109
"187",1660670411.0021,59.982,-9.5412
"188",1660670413.0021,59.97,-9.541
"189",1660670415.0021,59.987,-9.54105
"190",1660670417.0021,59.975,-9.54096
"191",1660670419.0021,59.973,-9.54089
"192",1660670421.0021,59.977,-9.54107
"193",1660670423.0021,59.973,-9.54123
"194",1660670425.0021,59.972,-9.5411
"195",1660670427.0021,59.973,-9.54104
"196",1660670429.002,59.974,-9.54089
"197",1660670431.002,59.98,-9.54093
"198",1660670433.002,59.977,-9.54102
"199",1660670435.0021,59.975,-9.54104
"200",1660670437.0021,59.978,-9.541
"201",1660670439.002,59.972,-9.54124
"202",1660670441.0021,59.972,-9.54121
"203",1660670443.0021,59.974,-9.5413
"204",1660670445.0021,59.963,-9.54128
"205",1660670447.002,59.97,-9.54139
"206",1660670449.0021,59.975,-9.54132
"207",1660670451.0021,59.972,-9.54126
"208",1660670453.0021,59.972,-9.54117
"209",1660670455.0021,59.962,-9.54095
"210",1660670457.0021,59.971,-9.54082
"211",1660670459.0021,59.976,-9.54085
"212",1660670461.0021,59.972,-9.54101
"213",1660670463.002,59.976,-9.54097
"214",1660670465.0021,59.978,-9.54097
"215",1660670467.0021,59.972,-9.5409
"216",1660670469.0021,59.983,-9.54092
"217",1660670471.0021,59.975,-9.54089
"218",1660670473.0022,59.962,-9.54081
"219",1660670475.0021,59.969,-9.54097
"220",1660670477.0021,59.974,-9.54092
"221",1660670479.0021,59.978,-9.54085
"222",1660670481.002,59.966,-9.5407
"223",1660670483.0021,59.966,-9.54066
"224",1660670485.0021,59.968,-9.54074
"225",1660670487.0021,59.981,-9.54084
"226",1660670489.0021,59.963,-9.54066
"227",1660670491.0021,59.982,-9.54071
"228",1660670493.0021,59.976,-9.54078
"229",1660670495.0021,59.966,-9.54068
"230",1660670497.0021,59.97,-9.54062
"231",1660670499.0021,59.972,-9.54075
"232",1660670501.0021,59.978,-9.5407
"233",1660670503.0021,59.973,-9.54065
"234",1660670505.0021,59.973,-9.54093
"235",1660670507.0021,59.975,-9.54088
"236",1660670509.0021,59.972,-9.5408
"237",1660670511.0021,59.971,-9.54072
"238",1660670513.0021,59.979,-9.54038
"239",1660670515.002,59.982,-9.54022
"240",1660670517.0021,59.975,-9.54043
"241",1660670519.0018,59.983,-9.54047
"242",1660671601.0021,60.117,-9.53844
"243",1660671603.0021,60.12,-9.53844
"244",1660671605.0021,60.117,-9.53861
"245",1660671607.0021,60.121,-9.53866
"246",1660671609.0021,60.118,-9.53873
"247",1660671611.0021,60.123,-9.53863
"248",1660671613.0021,60.119,-9.53872
"249",1660671615.0021,60.12,-9.53881
"250",1660671617.0021,60.132,-9.53883
"251",1660671619.0021,60.116,-9.53865
"252",1660671621.0021,60.129,-9.53868
"253",1660671623.0021,60.119,-9.53866
"254",1660671625.0021,60.115,-9.53868
"255",1660671627.0021,60.115,-9.53851
"256",1660671629.0021,60.129,-9.53869
"257",1660671631.0021,60.121,-9.53864
"258",1660671633.0021,60.116,-9.53847
"259",1660671635.0021,60.123,-9.53844
"260",1660671637.0021,60.128,-9.53856
"261",1660671639.0021,60.12,-9.53851
"262",1660671641.0021,60.117,-9.53858
"263",1660671643.0021,60.12,-9.53853
"264",1660671645.0021,60.122,-9.53851
"265",1660671647.002,60.116,-9.53871
"266",1660671649.0021,60.127,-9.5387
"267",1660671651.002,60.123,-9.53862
"268",1660671653.0021,60.116,-9.53853
"269",1660671655.0021,60.119,-9.5384
"270",1660671657.0021,60.12,-9.5386
"271",1660671659.0021,60.126,-9.53857
"272",1660671661.002,60.12,-9.53827
"273",1660671663.0021,60.121,-9.53849
"274",1660671665.0021,60.124,-9.53844
"275",1660671667.002,60.12,-9.53843
"276",1660671669.0021,60.12,-9.53852
"277",1660671671.002,60.126,-9.53853
"278",1660671673.0021,60.119,-9.53839
"279",1660671675.0021,60.126,-9.53836
"280",1660671677.002,60.132,-9.53843
"281",1660671679.0021,60.125,-9.5385
"282",1660671681.0021,60.127,-9.53833
"283",1660671683.002,60.124,-9.53842
"284",1660671685.0021,60.128,-9.5384
"285",1660671687.0021,60.124,-9.53842
"286",1660671689.0021,60.122,-9.53849
"287",1660671691.0021,60.124,-9.53831
"288",1660671693.0021,60.128,-9.53848
"289",1660671695.0021,60.124,-9.53847
"290",1660671697.0021,60.129,-9.5384
"291",1660671699.0021,60.134,-9.5386
"292",1660671701.0021,60.133,-9.53854
"293",1660671703.002,60.133,-9.53844
"294",1660671705.0021,60.134,-9.5386
"295",1660671707.0021,60.128,-9.53842
"296",1660671709.002,60.136,-9.53875
"297",1660671711.0021,60.134,-9.53863
"298",1660671713.002,60.132,-9.53841
"299",1660671715.0021,60.13,-9.53846
"300",1660671717.0021,60.131,-9.53847
"301",1660671719.0019,60.129,-9.53841
"302",1660672801.0021,60.294,-9.53757
"303",1660672803.0021,60.301,-9.53743
"304",1660672805.002,60.303,-9.53739
"305",1660672807.0021,60.301,-9.53745
"306",1660672809.0021,60.288,-9.53756
"307",1660672811.0021,60.3,-9.53747
"308",1660672813.002,60.3,-9.53746
"309",1660672815.0021,60.288,-9.53754
"310",1660672817.0021,60.289,-9.53753
"311",1660672819.0021,60.29,-9.53754
"312",1660672821.0021,60.296,-9.53737
"313",1660672823.0021,60.289,-9.53751
"314",1660672825.0021,60.296,-9.53737
"315",1660672827.0021,60.288,-9.53738
"316",1660672829.0021,60.285,-9.53761
"317",1660672831.0021,60.288,-9.53752
"318",1660672833.002,60.29,-9.53759
"319",1660672835.0021,60.292,-9.53745
"320",1660672837.0021,60.284,-9.53753
"321",1660672839.0021,60.286,-9.53749
"322",1660672841.0021,60.289,-9.53763
"323",1660672843.002,60.285,-9.53749
"324",1660672845.0021,60.288,-9.53753
"325",1660672847.0021,60.285,-9.53763
"326",1660672849.0021,60.294,-9.5374
"327",1660672851.002,60.291,-9.53747
"328",1660672853.0021,60.283,-9.53739
"329",1660672855.0021,60.277,-9.53737
"330",1660672857.0021,60.279,-9.53755
"331",1660672859.0021,60.282,-9.53757
"332",1660672861.0021,60.278,-9.53735
"333",1660672863.002,60.28,-9.53736
"334",1660672865.0021,60.281,-9.53729
"335",1660672867.002,60.271,-9.53747
"336",1660672869.0021,60.272,-9.53732
"337",1660672871.0021,60.276,-9.53725
"338",1660672873.0021,60.261,-9.53731
"339",1660672875.0021,60.274,-9.53739
"340",1660672877.0021,60.27,-9.53726
"341",1660672879.002,60.264,-9.53742
"342",1660672881.0021,60.269,-9.53741
"343",1660672883.0021,60.255,-9.53744
"344",1660672885.002,60.264,-9.53741
"345",1660672887.0021,60.267,-9.53743
"346",1660672889.0021,60.264,-9.53736
"347",1660672891.0021,60.263,-9.53749
"348",1660672893.0021,60.266,-9.53746
"349",1660672895.0021,60.259,-9.53742
"350",1660672897.0021,60.26,-9.53744
"351",1660672899.0021,60.265,-9.53763
"352",1660672901.0021,60.263,-9.53755
"353",1660672903.002,60.252,-9.53748
"354",1660672905.0021,60.256,-9.53735
"355",1660672907.0021,60.259,-9.53741
"356",1660672909.002,60.268,-9.53739
"357",1660672911.0021,60.259,-9.53732
"358",1660672913.0021,60.256,-9.53742
"359",1660672915.0021,60.252,-9.53729
"360",1660672917.0021,60.256,-9.53755
"361",1660672919.0019,60.265,-9.53735
"362",1660674001.002,60.34,-9.53665
"363",1660674003.0021,60.351,-9.53683
"364",1660674005.0021,60.351,-9.53666
"365",1660674007.0021,60.341,-9.53652
"366",1660674009.002,60.34,-9.53659
"367",1660674011.0021,60.338,-9.53654
"368",1660674013.0021,60.338,-9.53641
"369",1660674015.0021,60.338,-9.53649
"370",1660674017.0021,60.342,-9.53632
"371",1660674019.0021,60.345,-9.53643
"372",1660674021.0021,60.333,-9.53621
"373",1660674023.0021,60.341,-9.53628
"374",1660674025.0021,60.339,-9.53626
"375",1660674027.002,60.329,-9.53634
"376",1660674029.0021,60.337,-9.53642
"377",1660674031.0021,60.351,-9.53645
"378",1660674033.002,60.341,-9.53645
"379",1660674035.0021,60.343,-9.53638
"380",1660674037.0021,60.342,-9.53648
"381",1660674039.0021,60.336,-9.53625
"382",1660674041.0021,60.34,-9.53623
"383",1660674043.0021,60.338,-9.53621
"384",1660674045.0021,60.345,-9.53627
"385",1660674047.0021,60.348,-9.53644
"386",1660674049.0021,60.353,-9.53624
"387",1660674051.002,60.335,-9.53625
"388",1660674053.0021,60.341,-9.53624
"389",1660674055.0021,60.335,-9.53631
"390",1660674057.0021,60.337,-9.53628
"391",1660674059.0021,60.34,-9.53643
"392",1660674061.0021,60.333,-9.53632
"393",1660674063.0021,60.342,-9.53616
"394",1660674065.0021,60.348,-9.53623
"395",1660674067.0021,60.342,-9.53649
"396",1660674069.0021,60.333,-9.53631
"397",1660674071.0021,60.335,-9.53635
"398",1660674073.0021,60.335,-9.53625
"399",1660674075.0021,60.342,-9.53623
"400",1660674077.0021,60.333,-9.53619
"401",1660674079.0021,60.337,-9.5362
"402",1660674081.0021,60.334,-9.53623
"403",1660674083.002,60.348,-9.53614
"404",1660674085.002,60.336,-9.5362
"405",1660674087.0021,60.335,-9.53612
"406",1660674089.0021,60.33,-9.53608
"407",1660674091.0021,60.336,-9.53615
"408",1660674093.0021,60.337,-9.53614
"409",1660674095.0021,60.338,-9.53601
"410",1660674097.0021,60.326,-9.53615
"411",1660674099.0021,60.337,-9.536
"412",1660674101.002,60.346,-9.53597
"413",1660674103.002,60.339,-9.53602
"414",1660674105.0021,60.328,-9.53597
"415",1660674107.0021,60.338,-9.53624
"416",1660674109.0021,60.334,-9.53594
"417",1660674111.0021,60.341,-9.53602
"418",1660674113.002,60.343,-9.53616
"419",1660674115.0021,60.343,-9.5361
"420",1660674117.0021,60.343,-9.53599
"421",1660674119.0019,60.353,-9.53607
"422",1660675201.0021,60.592,-9.53648
"423",1660675203.002,60.588,-9.53627
"424",1660675205.0021,60.594,-9.53641
"425",1660675207.0021,60.592,-9.5364
"426",1660675209.0021,60.589,-9.53638
"427",1660675211.0021,60.585,-9.53634
"428",1660675213.0021,60.583,-9.53634
"429",1660675215.002,60.592,-9.5363
"430",1660675217.0021,60.586,-9.53627
"431",1660675219.0021,60.586,-9.53634
"432",1660675221.002,60.589,-9.53616
"433",1660675223.002,60.592,-9.53628
"434",1660675225.0021,60.596,-9.53627
"435",1660675227.0021,60.588,-9.53641
"436",1660675229.0021,60.592,-9.5361
"437",1660675231.0021,60.587,-9.53611
"438",1660675233.0021,60.59,-9.53626
"439",1660675235.0021,60.591,-9.53616
"440",1660675237.0021,60.592,-9.5363
"441",1660675239.0021,60.59,-9.53639
"442",1660675241.0021,60.591,-9.53643
"443",1660675243.0021,60.59,-9.53641
"444",1660675245.0021,60.593,-9.53624
"445",1660675247.0021,60.592,-9.53619
"446",1660675249.0021,60.595,-9.53627
"447",1660675251.0021,60.6,-9.53631
"448",1660675253.0021,60.603,-9.53625
"449",1660675255.0021,60.602,-9.53626
"450",1660675257.0021,60.595,-9.53621
"451",1660675259.0021,60.601,-9.53644
"452",1660675261.0021,60.603,-9.53629
"453",1660675263.0021,60.598,-9.5362
"454",1660675265.0021,60.603,-9.53631
"455",1660675267.0021,60.595,-9.53642
"456",1660675269.002,60.607,-9.53632
"457",1660675271.0021,60.598,-9.53629
"458",1660675273.0021,60.605,-9.53619
"459",1660675275.0021,60.601,-9.53629
"460",1660675277.0021,60.604,-9.53618
"461",1660675279.0021,60.605,-9.53628
"462",1660675281.0021,60.594,-9.53625
"463",1660675283.002,60.604,-9.53641
"464",1660675285.0021,60.6,-9.53636
"465",1660675287.0021,60.608,-9.53633
"466",1660675289.0021,60.593,-9.53632
"467",1660675291.0021,60.6,-9.53621
"468",1660675293.0021,60.606,-9.53628
"469",1660675295.0021,60.596,-9.53626
"470",1660675297.0021,60.599,-9.53618
"471",1660675299.0021,60.608,-9.53638
"472",1660675301.0021,60.6,-9.53648
"473",1660675303.0021,60.602,-9.53645
"474",1660675305.0021,60.599,-9.53635
"475",1660675307.0021,60.599,-9.53629
"476",1660675309.0021,60.607,-9.53625
"477",1660675311.0021,60.608,-9.53634
"478",1660675313.0021,60.6,-9.53633
"479",1660675315.002,60.598,-9.53635
"480",1660675317.0021,60.597,-9.53651
"481",1660675319.0018,60.598,-9.5365
"482",1660676401.0021,60.679,-9.53608
"483",1660676403.0021,60.686,-9.53599
"484",1660676405.002,60.687,-9.536
"485",1660676407.0021,60.678,-9.53601
"486",1660676409.002,60.693,-9.53609
"487",1660676411.0021,60.688,-9.53607
"488",1660676413.002,60.68,-9.53591
"489",1660676415.0021,60.682,-9.53612
"490",1660676417.0021,60.682,-9.53606
"491",1660676419.0021,60.692,-9.53599
"492",1660676421.0021,60.68,-9.5361
"493",1660676423.0021,60.688,-9.53601
"494",1660676425.0021,60.687,-9.53611
"495",1660676427.002,60.692,-9.53592
"496",1660676429.002,60.69,-9.536
"497",1660676431.0021,60.687,-9.53603
"498",1660676433.002,60.689,-9.53603
"499",1660676435.002,60.693,-9.536
"500",1660676437.002,60.697,-9.536
"501",1660676439.0021,60.689,-9.53593
"502",1660676441.002,60.691,-9.53615
"503",1660676443.0021,60.693,-9.53597
"504",1660676445.002,60.698,-9.53597
"505",1660676447.002,60.687,-9.53608
"506",1660676449.0021,60.685,-9.53603
"507",1660676451.002,60.687,-9.53603
"508",1660676453.0021,60.688,-9.53601
"509",1660676455.0021,60.691,-9.53607
"510",1660676457.0021,60.695,-9.536
"511",1660676459.0021,60.7,-9.53595
"512",1660676461.0021,60.696,-9.53606
"513",1660676463.0021,60.691,-9.53605
"514",1660676465.002,60.696,-9.53607
"515",1660676467.002,60.695,-9.53594
"516",1660676469.0021,60.692,-9.53593
"517",1660676471.0021,60.698,-9.53595
"518",1660676473.0021,60.69,-9.53595
"519",1660676475.002,60.697,-9.53603
"520",1660676477.002,60.69,-9.53596
"521",1660676479.0021,60.699,-9.53605
"522",1660676481.0021,60.693,-9.53602
"523",1660676483.0021,60.689,-9.53609
"524",1660676485.002,60.703,-9.53604
"525",1660676487.0021,60.695,-9.53601
"526",1660676489.002,60.684,-9.53589
"527",1660676491.0021,60.695,-9.53606
"528",1660676493.0021,60.69,-9.53584
"529",1660676495.0021,60.696,-9.53597
"530",1660676497.0021,60.691,-9.53585
"531",1660676499.0021,60.699,-9.53588
"532",1660676501.0021,60.689,-9.53581
"533",1660676503.0021,60.705,-9.53602
"534",1660676505.002,60.695,-9.53592
"535",1660676507.002,60.692,-9.53596
"536",1660676509.0021,60.684,-9.53609
"537",1660676511.0021,60.689,-9.53598
"538",1660676513.002,60.691,-9.53609
"539",1660676515.0021,60.688,-9.53605
"540",1660676517.0021,60.695,-9.53593
"541",1660676519.0019,60.693,-9.53612
"542",1660677601.0021,60.774,-9.53585
"543",1660677603.0021,60.772,-9.53583
"544",1660677605.0021,60.776,-9.53585
"545",1660677607.0021,60.777,-9.53593
"546",1660677609.0021,60.778,-9.53593
"547",1660677611.002,60.773,-9.536
"548",1660677613.0021,60.776,-9.53583
"549",1660677615.0021,60.782,-9.53578
"550",1660677617.0021,60.774,-9.53605
"551",1660677619.0021,60.782,-9.53584
"552",1660677621.0021,60.771,-9.53582
"553",1660677623.0021,60.782,-9.53584
"554",1660677625.0021,60.775,-9.5359
"555",1660677627.0021,60.779,-9.5359
"556",1660677629.0021,60.767,-9.53591
"557",1660677631.0021,60.783,-9.53593
"558",1660677633.0021,60.775,-9.53587
"559",1660677635.0021,60.774,-9.53581
"560",1660677637.002,60.787,-9.53598
"561",1660677639.0021,60.771,-9.53583
"562",1660677641.0021,60.774,-9.53584
"563",1660677643.002,60.781,-9.53596
"564",1660677645.0021,60.773,-9.53591
"565",1660677647.0021,60.774,-9.53597
"566",1660677649.0021,60.782,-9.53582
"567",1660677651.0021,60.776,-9.53585
"568",1660677653.0021,60.775,-9.53589
"569",1660677655.002,60.777,-9.53587
"570",1660677657.0021,60.781,-9.53591
"571",1660677659.0021,60.779,-9.53607
"572",1660677661.0021,60.789,-9.53591
"573",1660677663.002,60.771,-9.53589
"574",1660677665.002,60.771,-9.53594
"575",1660677667.0021,60.782,-9.53604
"576",1660677669.0021,60.777,-9.53577
"577",1660677671.0021,60.774,-9.53589
"578",1660677673.0021,60.773,-9.53578
"579",1660677675.0021,60.775,-9.53583
"580",1660677677.0021,60.785,-9.53579
"581",1660677679.0021,60.78,-9.53582
"582",1660677681.002,60.779,-9.53588
"583",1660677683.002,60.777,-9.53601
"584",1660677685.002,60.773,-9.5359
"585",1660677687.002,60.778,-9.53599
"586",1660677689.0021,60.769,-9.53603
"587",1660677691.0021,60.779,-9.53599
"588",1660677693.0021,60.776,-9.53595
"589",1660677695.0021,60.777,-9.53607
"590",1660677697.002,60.783,-9.53594
"591",1660677699.0021,60.771,-9.53599
"592",1660677701.0021,60.776,-9.53611
"593",1660677703.0021,60.772,-9.536
"594",1660677705.0021,60.771,-9.53597
"595",1660677707.0021,60.771,-9.5359
"596",1660677709.002,60.788,-9.5359
"597",1660677711.0021,60.778,-9.5359
"598",1660677713.002,60.773,-9.53589
"599",1660677715.0021,60.776,-9.53592
"600",1660677717.0021,60.776,-9.53593
"601",1660677719.0019,60.782,-9.53595
"602",1660678801.0021,60.789,-9.53573
"603",1660678803.0021,60.786,-9.53568
"604",1660678805.0021,60.781,-9.53563
"605",1660678807.0021,60.791,-9.53574
"606",1660678809.0021,60.787,-9.53567
"607",1660678811.002,60.787,-9.53567
"608",1660678813.0021,60.78,-9.53572
"609",1660678815.0021,60.781,-9.53581
"610",1660678817.002,60.782,-9.53568
"611",1660678819.0021,60.784,-9.5357
"612",1660678821.002,60.776,-9.53585
"613",1660678823.0021,60.78,-9.5358
"614",1660678825.0021,60.776,-9.53567
"615",1660678827.0021,60.778,-9.53588
"616",1660678829.0021,60.789,-9.53581
"617",1660678831.0021,60.781,-9.53566
"618",1660678833.0021,60.785,-9.53576
"619",1660678835.0021,60.787,-9.53584
"620",1660678837.0021,60.779,-9.5357
"621",1660678839.0021,60.778,-9.53573
"622",1660678841.0021,60.788,-9.53593
"623",1660678843.0021,60.784,-9.53564
"624",1660678845.0021,60.772,-9.5357
"625",1660678847.0021,60.786,-9.53584
"626",1660678849.0021,60.781,-9.53589
"627",1660678851.0021,60.793,-9.53589
"628",1660678853.0021,60.791,-9.53584
"629",1660678855.002,60.781,-9.53582
"630",1660678857.0021,60.775,-9.5359
"631",1660678859.0021,60.766,-9.53577
"632",1660678861.0021,60.769,-9.53574
"633",1660678863.0021,60.768,-9.53567
"634",1660678865.002,60.768,-9.53561
"635",1660678867.0021,60.766,-9.53569
"636",1660678869.0021,60.771,-9.53566
"637",1660678871.0021,60.772,-9.53569
"638",1660678873.002,60.772,-9.53585
"639",1660678875.0021,60.768,-9.53568
"640",1660678877.0021,60.763,-9.53585
"641",1660678879.0021,60.776,-9.53591
"642",1660678881.002,60.766,-9.53583
"643",1660678883.0021,60.777,-9.53589
"644",1660678885.0021,60.77,-9.5358
"645",1660678887.002,60.767,-9.53574
"646",1660678889.0021,60.764,-9.53557
"647",1660678891.0021,60.769,-9.53587
"648",1660678893.0021,60.764,-9.53568
"649",1660678895.0021,60.764,-9.53583
"650",1660678897.0021,60.779,-9.53571
"651",1660678899.0021,60.777,-9.53563
"652",1660678901.0021,60.775,-9.53562
"653",1660678903.0021,60.782,-9.53584
"654",1660678905.0021,60.771,-9.53565
"655",1660678907.0021,60.778,-9.53576
"656",1660678909.0021,60.776,-9.53572
"657",1660678911.0021,60.774,-9.53591
"658",1660678913.002,60.775,-9.53584
"659",1660678915.0021,60.781,-9.53581
"660",1660678917.002,60.783,-9.53587
"661",1660678919.0019,60.786,-9.53586
"662",1660680001.002,60.726,-9.53556
"663",1660680003.002,60.732,-9.5355
"664",1660680005.0021,60.736,-9.53566
"665",1660680007.002,60.726,-9.53559
"666",1660680009.002,60.727,-9.5357
"667",1660680011.0021,60.732,-9.53567
"668",1660680013.0021,60.719,-9.53573
"669",1660680015.0021,60.726,-9.53563
"670",1660680017.0021,60.734,-9.53568
"671",1660680019.0021,60.73,-9.53564
"672",1660680021.0021,60.724,-9.5357
"673",1660680023.0021,60.731,-9.53567
"674",1660680025.002,60.73,-9.53569
"675",1660680027.0021,60.729,-9.53564
"676",1660680029.002,60.728,-9.53564
"677",1660680031.0021,60.739,-9.53559
"678",1660680033.0021,60.727,-9.53568
"679",1660680035.002,60.73,-9.53564
"680",1660680037.0021,60.728,-9.5357
"681",1660680039.0021,60.721,-9.5358
"682",1660680041.0021,60.726,-9.53566
"683",1660680043.0021,60.725,-9.53552
"684",1660680045.0021,60.73,-9.53571
"685",1660680047.0021,60.725,-9.53566
"686",1660680049.0021,60.719,-9.5356
"687",1660680051.002,60.718,-9.5356
"688",1660680053.0021,60.731,-9.53556
"689",1660680055.0021,60.72,-9.53568
"690",1660680057.0021,60.723,-9.53552
"691",1660680059.0021,60.722,-9.53562
"692",1660680061.0021,60.731,-9.53553
"693",1660680063.002,60.731,-9.53554
"694",1660680065.002,60.725,-9.53559
"695",1660680067.0021,60.731,-9.53567
"696",1660680069.0021,60.723,-9.53558
"697",1660680071.0021,60.716,-9.5355
"698",1660680073.0021,60.732,-9.53555
"699",1660680075.002,60.737,-9.5357
"700",1660680077.0021,60.729,-9.53564
"701",1660680079.0021,60.734,-9.53568
"702",1660680081.002,60.723,-9.53554
"703",1660680083.0021,60.727,-9.53552
"704",1660680085.002,60.735,-9.53551
"705",1660680087.0021,60.736,-9.53569
"706",1660680089.0021,60.736,-9.5358
"707",1660680091.0021,60.733,-9.53555
"708",1660680093.0021,60.742,-9.53573
"709",1660680095.0021,60.74,-9.53564
"710",1660680097.0021,60.737,-9.53564
"711",1660680099.0021,60.746,-9.53576
"712",1660680101.002,60.748,-9.53565
"713",1660680103.0021,60.749,-9.53566
"714",1660680105.0021,60.75,-9.53559
"715",1660680107.0021,60.752,-9.53567
"716",1660680109.002,60.746,-9.53572
"717",1660680111.0021,60.753,-9.53562
"718",1660680113.0021,60.741,-9.53558
"719",1660680115.0021,60.748,-9.5356
"720",1660680117.002,60.747,-9.53564
"721",1660680119.0018,60.751,-9.53559
"722",1660681201.0021,60.749,-9.53574
"723",1660681203.0021,60.748,-9.53561
"724",1660681205.002,60.749,-9.5358
"725",1660681207.0021,60.749,-9.53559
"726",1660681209.0021,60.753,-9.53567
"727",1660681211.0021,60.753,-9.5358
"728",1660681213.0021,60.746,-9.53554
"729",1660681215.0021,60.753,-9.53579
"730",1660681217.0021,60.748,-9.53558
"731",1660681219.0021,60.752,-9.53573
"732",1660681221.0021,60.741,-9.53563
"733",1660681223.002,60.75,-9.53567
"734",1660681225.0021,60.748,-9.53546
"735",1660681227.0021,60.754,-9.53555
"736",1660681229.0021,60.742,-9.53553
"737",1660681231.0021,60.743,-9.53572
"738",1660681233.0021,60.742,-9.53564
"739",1660681235.0021,60.75,-9.53554
"740",1660681237.0021,60.745,-9.53556
"741",1660681239.0021,60.746,-9.5357
"742",1660681241.0021,60.759,-9.53565
"743",1660681243.0021,60.748,-9.53572
"744",1660681245.0021,60.742,-9.53563
"745",1660681247.0021,60.75,-9.5356
"746",1660681249.002,60.745,-9.53562
"747",1660681251.002,60.754,-9.53577
"748",1660681253.0021,60.752,-9.53557
"749",1660681255.0021,60.759,-9.53558
"750",1660681257.0021,60.75,-9.53559
"751",1660681259.0021,60.747,-9.53554
"752",1660681261.0021,60.746,-9.53564
"753",1660681263.0021,60.75,-9.53552
"754",1660681265.0021,60.749,-9.53565
"755",1660681267.0021,60.75,-9.53551
"756",1660681269.0021,60.742,-9.53555
"757",1660681271.0021,60.736,-9.5356
"758",1660681273.0021,60.744,-9.53564
"759",1660681275.0021,60.741,-9.53568
"760",1660681277.002,60.743,-9.53578
"761",1660681279.0021,60.735,-9.53555
"762",1660681281.0021,60.748,-9.53555
"763",1660681283.0021,60.746,-9.53574
"764",1660681285.002,60.741,-9.53552
"765",1660681287.0021,60.745,-9.53565
"766",1660681289.0021,60.747,-9.53574
"767",1660681291.0021,60.739,-9.53559
"768",1660681293.002,60.736,-9.53554
"769",1660681295.0021,60.745,-9.53571
"770",1660681297.0021,60.748,-9.53564
"771",1660681299.0021,60.742,-9.53575
"772",1660681301.0021,60.756,-9.5356
"773",1660681303.0021,60.748,-9.5356
"774",1660681305.0021,60.746,-9.5355
"775",1660681307.0021,60.749,-9.53554
"776",1660681309.0021,60.754,-9.53558
"777",1660681311.002,60.732,-9.5356
"778",1660681313.0021,60.741,-9.53568
"779",1660681315.0021,60.746,-9.53582
"780",1660681317.002,60.752,-9.53552
"781",1660681319.0018,60.745,-9.53551
"782",1660682401.002,60.768,-9.53563
"783",1660682403.0021,60.766,-9.53553
"784",1660682405.0021,60.764,-9.53555
"785",1660682407.0021,60.776,-9.53544
"786",1660682409.0021,60.765,-9.5356
"787",1660682411.0021,60.762,-9.53559
"788",1660682413.0021,60.77,-9.53563
"789",1660682415.0021,60.763,-9.53554
"790",1660682417.002,60.768,-9.53549
"791",1660682419.0021,60.765,-9.53554
"792",1660682421.0021,60.768,-9.53556
"793",1660682423.0021,60.763,-9.53559
"794",1660682425.0021,60.771,-9.53532
"795",1660682427.0021,60.77,-9.53558
"796",1660682429.002,60.761,-9.53543
"797",1660682431.0022,60.767,-9.53562
"798",1660682433.0021,60.769,-9.53557
"799",1660682435.0021,60.757,-9.53557
"800",1660682437.0021,60.761,-9.53551
"801",1660682439.0021,60.771,-9.53551
"802",1660682441.0021,60.769,-9.53547
"803",1660682443.0021,60.771,-9.53567
"804",1660682445.0021,60.764,-9.53548
"805",1660682447.0021,60.764,-9.5357
"806",1660682449.0021,60.77,-9.53556
"807",1660682451.002,60.766,-9.53556
"808",1660682453.0021,60.769,-9.53547
"809",1660682455.0021,60.764,-9.53551
"810",1660682457.0021,60.763,-9.53564
"811",1660682459.002,60.776,-9.53557
"812",1660682461.002,60.77,-9.53559
"813",1660682463.0021,60.771,-9.5354
"814",1660682465.0021,60.76,-9.53565
"815",1660682467.0021,60.772,-9.53556
"816",1660682469.0021,60.772,-9.53561
"817",1660682471.0021,60.77,-9.53566
"818",1660682473.0021,60.767,-9.53546
"819",1660682475.0021,60.76,-9.53558
"820",1660682477.0021,60.753,-9.53551
"821",1660682479.0021,60.759,-9.53553
"822",1660682481.002,60.758,-9.53546
"823",1660682483.0021,60.769,-9.53549
"824",1660682485.0021,60.764,-9.53561
"825",1660682487.0021,60.758,-9.53563
"826",1660682489.0021,60.758,-9.53548
"827",1660682491.0021,60.756,-9.53547
"828",1660682493.0021,60.768,-9.53573
"829",1660682495.0021,60.768,-9.53559
"830",1660682497.0021,60.767,-9.53567
"831",1660682499.0021,60.768,-9.53549
"832",1660682501.002,60.777,-9.53568
"833",1660682503.0021,60.766,-9.5357
"834",1660682505.0021,60.76,-9.53564
"835",1660682507.0021,60.756,-9.53563
"836",1660682509.0021,60.771,-9.53556
"837",1660682511.0021,60.759,-9.53564
"838",1660682513.0021,60.757,-9.53553
"839",1660682515.0021,60.768,-9.53544
"840",1660682517.0021,60.761,-9.53563
"841",1660682519.0018,60.773,-9.53573
"842",1660683601.0021,60.748,-9.53544
"843",1660683603.0021,60.753,-9.53553
"844",1660683605.0021,60.745,-9.53555
"845",1660683607.0021,60.745,-9.53547
"846",1660683609.0021,60.748,-9.53544
"847",1660683611.0021,60.748,-9.53543
"848",1660683613.0021,60.736,-9.53542
"849",1660683615.0021,60.746,-9.53537
"850",1660683617.002,60.742,-9.53535
"851",1660683619.0021,60.744,-9.53548
"852",1660683621.0021,60.756,-9.53541
"853",1660683623.0021,60.746,-9.53564
"854",1660683625.0021,60.745,-9.53547
"855",1660683627.0021,60.748,-9.5354
"856",1660683629.0021,60.737,-9.53537
"857",1660683631.0021,60.737,-9.53546
"858",1660683633.002,60.745,-9.53537
"859",1660683635.0021,60.744,-9.53536
"860",1660683637.0021,60.746,-9.53539
"861",1660683639.0021,60.733,-9.53544
"862",1660683641.0021,60.74,-9.53544
"863",1660683643.0021,60.738,-9.53556
"864",1660683645.0021,60.743,-9.53546
"865",1660683647.0021,60.734,-9.53537
"866",1660683649.0021,60.736,-9.53536
"867",1660683651.0021,60.735,-9.53557
"868",1660683653.0021,60.745,-9.5355
"869",1660683655.0021,60.744,-9.53559
"870",1660683657.0021,60.74,-9.53539
"871",1660683659.0021,60.738,-9.5354
"872",1660683661.0021,60.734,-9.53548
"873",1660683663.0021,60.738,-9.53533
"874",1660683665.0021,60.742,-9.5354
"875",1660683667.0021,60.739,-9.53565
"876",1660683669.002,60.747,-9.53537
"877",1660683671.002,60.741,-9.53535
"878",1660683673.0021,60.739,-9.53558
"879",1660683675.0021,60.728,-9.53564
"880",1660683677.002,60.737,-9.53542
"881",1660683679.0021,60.739,-9.53546
"882",1660683681.0021,60.743,-9.53555
"883",1660683683.0021,60.738,-9.53552
"884",1660683685.0021,60.738,-9.53538
"885",1660683687.0021,60.732,-9.53559
"886",1660683689.0021,60.739,-9.53568
"887",1660683691.0021,60.737,-9.53547
"888",1660683693.0021,60.736,-9.53551
"889",1660683695.0021,60.734,-9.53548
"890",1660683697.0021,60.734,-9.5355
"891",1660683699.0021,60.736,-9.53537
"892",1660683701.0021,60.73,-9.53554
"893",1660683703.0021,60.738,-9.53548
"894",1660683705.0021,60.735,-9.53535
"895",1660683707.0021,60.733,-9.53552
"896",1660683709.0021,60.728,-9.53545
"897",1660683711.002,60.739,-9.53557
"898",1660683713.0021,60.737,-9.53542
"899",1660683715.0021,60.729,-9.53554
"900",1660683717.0021,60.747,-9.53549
"901",1660683719.0019,60.738,-9.53565
"902",1660684801.0021,60.674,-9.53522
"903",1660684803.0021,60.668,-9.53517
"904",1660684805.0021,60.666,-9.53516
"905",1660684807.0021,60.662,-9.53521
"906",1660684809.0021,60.659,-9.53523
"907",1660684811.0021,60.677,-9.53521
"908",1660684813.0021,60.67,-9.53516
"909",1660684815.0021,60.664,-9.53514
"910",1660684817.0021,60.664,-9.53509
"911",1660684819.0021,60.671,-9.53516
"912",1660684821.0021,60.671,-9.53507
"913",1660684823.0021,60.664,-9.53516
"914",1660684825.0021,60.676,-9.53504
"915",1660684827.0021,60.672,-9.53507
"916",1660684829.002,60.661,-9.53522
"917",1660684831.0021,60.672,-9.53505
"918",1660684833.002,60.666,-9.53493
"919",1660684835.0021,60.668,-9.5349
"920",1660684837.0021,60.669,-9.53499
"921",1660684839.0021,60.674,-9.53489
"922",1660684841.002,60.67,-9.5349
"923",1660684843.002,60.676,-9.53503
"924",1660684845.0021,60.673,-9.53478
"925",1660684847.0021,60.672,-9.53482
"926",1660684849.0021,60.674,-9.53493
"927",1660684851.0021,60.676,-9.53492
"928",1660684853.0021,60.674,-9.53498
"929",1660684855.0021,60.665,-9.53477
"930",1660684857.0021,60.666,-9.53491
"931",1660684859.0021,60.667,-9.53497
"932",1660684861.0021,60.674,-9.53482
"933",1660684863.0021,60.681,-9.53477
"934",1660684865.002,60.673,-9.53496
"935",1660684867.0021,60.673,-9.53489
"936",1660684869.0021,60.674,-9.53495
"937",1660684871.002,60.677,-9.53492
"938",1660684873.0021,60.678,-9.5349
"939",1660684875.0021,60.669,-9.53485
"940",1660684877.0022,60.675,-9.53489
"941",1660684879.0021,60.677,-9.5349
"942",1660684881.0021,60.67,-9.535
"943",1660684883.0021,60.67,-9.53479
"944",1660684885.002,60.673,-9.53495
"945",1660684887.0021,60.681,-9.53498
"946",1660684889.0021,60.667,-9.53486
"947",1660684891.0021,60.672,-9.53494
"948",1660684893.0021,60.668,-9.53494
"949",1660684895.0021,60.675,-9.53489
"950",1660684897.0021,60.676,-9.53498
"951",1660684899.0021,60.672,-9.53496
"952",1660684901.0021,60.672,-9.53491
"953",1660684903.0021,60.665,-9.53479
"954",1660684905.0021,60.672,-9.53495
"955",1660684907.0021,60.667,-9.53498
"956",1660684909.002,60.668,-9.53495
"957",1660684911.0021,60.675,-9.53489
"958",1660684913.0021,60.664,-9.53482
"959",1660684915.0021,60.679,-9.53493
"960",1660684917.0021,60.659,-9.53495
"961",1660684919.0018,60.674,-9.53496
"962",1660686001.0021,60.601,-9.53208
"963",1660686003.0021,60.609,-9.53199
"964",1660686005.0021,60.612,-9.53225
"965",1660686007.0021,60.61,-9.53201
"966",1660686009.0021,60.608,-9.53193
"967",1660686011.0021,60.608,-9.53212
"968",1660686013.0021,60.61,-9.53208
"969",1660686015.002,60.613,-9.53207
"970",1660686017.0021,60.607,-9.5322
"971",1660686019.0021,60.613,-9.53192
"972",1660686021.0021,60.607,-9.53204
"973",1660686023.0021,60.615,-9.53219
"974",1660686025.002,60.607,-9.53214
"975",1660686027.0021,60.613,-9.53216
"976",1660686029.0021,60.617,-9.53211
"977",1660686031.0021,60.614,-9.53232
"978",1660686033.0021,60.61,-9.53216
"979",1660686035.002,60.607,-9.53232
"980",1660686037.0021,60.594,-9.5322
"981",1660686039.0021,60.61,-9.5322
"982",1660686041.0021,60.609,-9.53241
"983",1660686043.0022,60.616,-9.53225
"984",1660686045.0021,60.612,-9.53228
"985",1660686047.0021,60.618,-9.53238
"986",1660686049.0021,60.609,-9.53236
"987",1660686051.0021,60.608,-9.53239
"988",1660686053.0021,60.611,-9.53241
"989",1660686055.0021,60.604,-9.53235
"990",1660686057.0021,60.609,-9.53245
"991",1660686059.0021,60.615,-9.53252
"992",1660686061.002,60.606,-9.53259
"993",1660686063.0021,60.61,-9.53255
"994",1660686065.0021,60.604,-9.53254
"995",1660686067.0021,60.61,-9.5326
"996",1660686069.0021,60.61,-9.53257
"997",1660686071.002,60.605,-9.53261
"998",1660686073.0021,60.607,-9.53256
"999",1660686075.0021,60.603,-9.5327
"1000",1660686077.0021,60.607,-9.53276
"1001",1660686079.002,60.604,-9.53267
